{"cameraMode":{"drawMode":0,"name":"Shaded","section":"Shading Mode"},"sceneLighting":true,"audioPlay":false,"sceneViewState":{"showFog":true,"showMaterialUpdate":false,"showSkybox":true,"showFlares":true,"showImageEffects":true,"showParticleSystems":true},"in2DMode":false,"pivot":{"x":0.49259471893310549,"y":2.6152782440185549,"z":3.4825077056884767},"rotation":{"x":0.032451264560222629,"y":0.665045440196991,"z":0.028947746381163598,"w":-0.7455357313156128},"size":9.263463973999024,"orthographic":false}